{"text": " Caught in the rain Caught in the rain River of everything Caught in the rain River of everything Caught in the rain Caught in the rain", "segments": [{"id": 0, "seek": 3000, "start": 30.0, "end": 58.0, "text": " Caught in the rain Caught in the rain", "tokens": [50364, 7544, 1599, 294, 264, 4830, 7544, 1599, 294, 264, 4830, 51764], "temperature": 0.0, "avg_logprob": -0.7420454706464495, "compression_ratio": 1.3214285714285714, "no_speech_prob": 0.33284854888916016}, {"id": 1, "seek": 5800, "start": 59.0, "end": 79.0, "text": " River of everything Caught in the rain", "tokens": [50414, 8640, 295, 1203, 7544, 1599, 294, 264, 4830, 51414], "temperature": 0.0, "avg_logprob": -0.22585159540176392, "compression_ratio": 0.8636363636363636, "no_speech_prob": 0.1993965208530426}, {"id": 2, "seek": 7900, "start": 79.0, "end": 100.0, "text": " River of everything Caught in the rain", "tokens": [50414, 8640, 295, 1203, 7544, 1599, 294, 264, 4830, 51414], "temperature": 0.0, "avg_logprob": -0.43724736300381745, "compression_ratio": 0.8636363636363636, "no_speech_prob": 0.2425743043422699}, {"id": 3, "seek": 10900, "start": 109.0, "end": 113.0, "text": " Caught in the rain", "tokens": [50364, 7544, 1599, 294, 264, 4830, 50564], "temperature": 0.0, "avg_logprob": -0.4217599630355835, "compression_ratio": 0.6923076923076923, "no_speech_prob": 0.9821838140487671}], "language": "en"}